VIX,T-Bill_13W_Yield,10Y_Treasury_Yield,Credit_Spread
20.02581946,0.999144493,2.501992705,1.502848211
